"Month","Cor_temp","Cor_temp_p","Cor_temp_adj_p","LowerCI","UpperCI"
4,0.107812112027384,0.0829644472658533,1,0.000835008651647325,0.208009435082578
5,0.222422792483819,0.000130073858973034,0.00234132946151461,0.1028868002924,0.337585548983142
6,0.165941913755765,0.00238508900562896,0.0357763350844343,0.0587925290910014,0.263445489307751
7,0.171132618317976,0.00124851514620605,0.0199762423392968,0.0546423433384413,0.274473044598092
8,0.199875436044389,0.000204812553743411,0.00348181341363798,0.0928168216489434,0.30213223577146
9,0.0831925091941503,0.155324149971482,1,-0.0297231288718249,0.183986500481648
10,0.0184896449999788,0.766087158146514,1,-0.112585997022626,0.149127496744873
11,0.0690091232856858,0.27372055676995,1,0.0225754481364216,0.128136568649514
