"Month","Cor_precip","Cor_precip_p","Cor_precip_adj_p","LowerCI","UpperCI"
4,-0.00449744796342265,0.942183731584895,1,-0.133378719120959,0.134957325788051
5,-0.0218544361286831,0.707521681322701,1,-0.133643196926408,0.094915943695596
6,0.144145483405712,0.00800613774287441,0.144110479371739,0.0306135902199735,0.245737888331143
7,-0.133419399871838,0.010414865182603,0.177052708104251,-0.234423561634236,-0.0289923949025297
8,-0.04853730671123,0.363228377704759,1,-0.153255815230726,0.0604997232058799
9,-0.0302041805210653,0.600418427574291,1,-0.142002157931472,0.0932514966175426
10,0.0106634392330179,0.864151204975126,1,-0.11583375249658,0.146703805776906
11,-0.0690091232856858,0.27372055676995,1,-0.136939975224602,-0.0158982935115375
