"Month","Cor_precip","Cor_precip_p","Cor_precip_adj_p","LowerCI","UpperCI"
4,-0.00449744796342265,0.942183731584895,1,-0.133283314102012,0.127009222139105
5,-0.0218544361286831,0.707521681322701,1,-0.137569644082419,0.0886102105209858
6,0.144145483405712,0.00800613774287441,0.144110479371739,0.0372057495476828,0.242546159587498
7,-0.133419399871838,0.010414865182603,0.177052708104251,-0.237351394557141,-0.0295054810530291
8,-0.04853730671123,0.363228377704759,1,-0.151061202410303,0.0549476342882548
9,-0.0302041805210653,0.600418427574291,1,-0.1338877149332,0.0870758179314385
10,0.0106634392330179,0.864151204975126,1,-0.126835064190584,0.139243987448728
11,-0.0690091232856858,0.27372055676995,1,-0.135005850131617,-0.017045145754494
