"Month","Cor_precip","Cor_precip_p","Cor_precip_adj_p","LowerCI","UpperCI"
4,-0.0313169110588887,0.549957079526152,1,-0.147038742156432,0.0800911900509574
5,0.00758739237595814,0.875050269292932,1,-0.0949647051136547,0.109964771834626
6,0.00842293834594059,0.85308205612132,1,-0.0791628617531759,0.0950990858785013
7,-0.143659313176013,0.00148434008157926,0.0267181214684267,-0.230338366281774,-0.0574024717855281
8,-0.126982689953271,0.00501544670991822,0.0852625940686097,-0.213190999719065,-0.037521965020916
9,0.058668257215389,0.210604953623648,1,-0.0365948640143641,0.145768967005489
10,-0.00284484698185602,0.955437447704524,1,-0.109682809249711,0.105946347050036
11,-0.0184690932466412,0.734366040912869,1,-0.112037350874289,0.0778510046803682
