"Month","Cor_precip","Cor_precip_p","Cor_precip_adj_p","LowerCI","UpperCI"
4,-0.0313169110588887,0.549957079526152,1,-0.144108408478474,0.0808214643942313
5,0.00758739237595814,0.875050269292932,1,-0.0951960427956694,0.113505734067304
6,0.00842293834594059,0.85308205612132,1,-0.0821403703860935,0.092220444830426
7,-0.143659313176013,0.00148434008157926,0.0267181214684267,-0.228892075777433,-0.0544522684795574
8,-0.126982689953271,0.00501544670991822,0.0852625940686097,-0.215719314517456,-0.0376187349289515
9,0.058668257215389,0.210604953623648,1,-0.0326627345668941,0.156765785174711
10,-0.00284484698185602,0.955437447704524,1,-0.10439261570868,0.0859119689725593
11,-0.0184690932466412,0.734366040912869,1,-0.124701572460447,0.0817869631153109
