"Month","Cor_temp","Cor_temp_p","Cor_temp_adj_p","LowerCI","UpperCI"
4,0.137643450607301,0.00881809543718634,0.132271431557795,0.0352862080719838,0.245330169032464
5,0.116319219003647,0.0156210951534425,0.218695332148195,0.0189596312661329,0.207888328248182
6,0.0773878151693929,0.0904884171461686,1,-0.00954971054081969,0.165596417761069
7,0.106894180035114,0.0201857753720568,0.262415079836739,0.00719205932790693,0.191185594871815
8,0.15489305982296,0.000688085330250163,0.0123855359445029,0.0666729584271677,0.238788851826264
9,-0.0420392168730257,0.376940799211832,1,-0.131425051328551,0.055733510436391
10,0.167864818631899,0.000944592663525254,0.0160580752799293,0.0698624481444689,0.26251421180194
11,0.155730006905951,0.00422106932261364,0.0675371091618183,0.0773530235290763,0.22691780291445
